City_ID,City,Lat,Lng,Max Temp,Humidity,Cloudiness,Wind Speed,Country,Date
0,chokwe,-24.5333,32.9833,23.15,89,21,4.77,MZ,1675717707
1,hobart,-42.8794,147.3294,15.03,72,20,1.03,AU,1675717652
2,atuona,-9.8,-139.0333,25.61,76,5,6.54,PF,1675717707
3,nevel,56.0209,29.9284,-1.73,98,100,2.26,RU,1675717708
4,avarua,-21.2078,-159.775,29.03,84,97,4.12,CK,1675717708
5,necochea,-38.5473,-58.7368,21.06,46,29,8.12,AR,1675717708
6,kavieng,-2.5744,150.7967,27.32,80,100,5.13,PG,1675717709
7,albany,42.6001,-73.9662,2.72,70,88,3.54,US,1675717709
8,tuljapur,18.0,76.0833,22.49,28,8,2.25,IN,1675717709
9,jamestown,42.097,-79.2353,-1.1,93,100,2.57,US,1675717654
10,port blair,11.6667,92.75,25.41,81,26,2.29,IN,1675717710
11,beringovskiy,63.05,179.3167,-28.97,94,95,3.79,RU,1675717536
12,tuktoyaktuk,69.4541,-133.0374,-37.91,99,26,1.43,CA,1675717710
13,mahebourg,-20.4081,57.7,25.7,77,47,6.62,MU,1675717689
14,lebu,-37.6167,-73.65,16.9,71,0,8.6,CL,1675717711
15,vaini,-21.2,-175.2,26.35,73,100,2.1,TO,1675717702
16,isangel,-19.55,169.2667,30.06,79,75,1.03,VU,1675717711
17,busselton,-33.65,115.3333,19.21,76,97,5.22,AU,1675717712
18,hasaki,35.7333,140.8333,6.23,56,100,2.19,JP,1675717712
19,nikolskoye,59.7035,30.7861,-2.06,96,94,1.57,RU,1675717712
20,tarumovka,44.0761,46.5361,-0.92,96,100,5.22,RU,1675717713
21,rikitea,-23.1203,-134.9692,25.87,74,60,3.37,PF,1675717713
22,mogadishu,2.0371,45.3438,25.04,86,85,8.43,SO,1675717539
23,avera,33.194,-82.5271,19.75,36,0,0.3,US,1675717714
24,punta arenas,-53.15,-70.9167,17.01,63,75,8.75,CL,1675717415
25,pedasi,7.5333,-80.0333,32.81,72,2,6.46,PA,1675717714
26,shenzhen,22.5455,114.0683,20.47,93,82,1.47,CN,1675717714
27,kodiak,57.79,-152.4072,2.73,60,0,2.06,US,1675717715
28,cabo san lucas,22.8909,-109.9124,27.61,44,0,5.14,MX,1675717597
29,mataura,-46.1927,168.8643,19.27,52,63,4.72,NZ,1675717686
30,sao joao da barra,-21.6403,-41.0511,28.05,91,97,1.43,BR,1675717507
31,hilo,19.7297,-155.09,26.27,89,75,2.06,US,1675717715
32,osypenko,46.9136,36.8253,-3.37,72,99,8.53,UA,1675717716
33,luderitz,-26.6481,15.1594,18.15,91,8,6.43,NA,1675717716
34,pandan,14.0453,124.1694,24.56,90,84,3.78,PH,1675717716
35,marsa matruh,31.3525,27.2453,11.22,73,100,6.19,EG,1675717717
36,tasiilaq,65.6145,-37.6368,-9.91,91,99,1.72,GL,1675717717
37,vardo,70.3705,31.1107,-0.01,93,75,9.26,NO,1675717619
38,santa flavia,38.085,13.5351,7.85,59,100,2.52,IT,1675717718
39,hermanus,-34.4187,19.2345,22.11,91,12,3.09,ZA,1675717718
40,roald,62.5833,6.1333,9.08,71,75,7.72,NO,1675717719
41,shetpe,44.1667,52.1167,2.47,78,100,4.09,KZ,1675717720
42,souillac,-20.5167,57.5167,25.8,81,74,6.0,MU,1675717720
43,lorengau,-2.0226,147.2712,25.46,93,100,4.59,PG,1675717721
44,saint george,37.1041,-113.5841,11.35,39,100,3.13,US,1675717606
45,semnan,35.5729,53.3971,6.63,41,96,1.82,IR,1675717721
46,vao,-22.6667,167.4833,25.84,70,40,7.26,NC,1675717721
47,east london,-33.0153,27.9116,24.24,84,1,8.11,ZA,1675717722
48,suamico,44.6319,-88.0393,3.2,76,0,6.69,US,1675717722
49,kapaa,22.0752,-159.319,26.18,81,40,7.2,US,1675717455
50,chaohu,31.6,117.8667,8.18,94,100,1.69,CN,1675717722
51,pokhara,28.2333,83.9833,13.63,65,87,0.28,NP,1675717581
52,komsomolskiy,40.4272,71.7189,1.4,93,61,2.06,UZ,1675717723
53,bluff,-46.6,168.3333,14.45,87,85,10.92,NZ,1675717723
54,pacific grove,36.6177,-121.9166,15.23,63,0,3.6,US,1675717519
55,la ronge,55.1001,-105.2842,-8.53,84,100,5.98,CA,1675717724
56,esperance,-33.8667,121.9,19.35,91,0,6.0,AU,1675717724
57,tubuala,9.5167,-79.0333,26.33,82,29,5.57,PA,1675717724
58,dikson,73.5069,80.5464,-28.92,100,100,2.7,RU,1675717725
59,thompson,55.7435,-97.8558,-7.91,79,100,5.14,CA,1675717717
60,olenegorsk,68.15,33.3,-5.05,85,100,5.92,RU,1675717725
61,new norfolk,-42.7826,147.0587,14.84,63,0,0.89,AU,1675717725
62,sterling,39.0062,-77.4286,9.49,55,100,8.05,US,1675717533
63,boa vista,2.8197,-60.6733,28.99,61,75,4.63,BR,1675717308
64,imbituba,-28.24,-48.6703,25.3,71,36,2.12,BR,1675717726
65,show low,34.2542,-110.0298,0.6,87,75,2.57,US,1675717726
66,arraial do cabo,-22.9661,-42.0278,26.92,74,75,1.54,BR,1675717726
67,longyearbyen,78.2186,15.6401,-2.09,93,100,15.95,SJ,1675717450
68,pavilosta,56.8879,21.1859,0.95,87,48,3.12,LV,1675717727
69,garowe,8.4054,48.4845,20.69,72,41,6.09,SO,1675717567
70,walvis bay,-22.9575,14.5053,18.94,84,51,0.76,NA,1675717727
71,carnarvon,-24.8667,113.6333,24.14,70,0,8.6,AU,1675717728
72,cape town,-33.9258,18.4232,21.73,87,20,5.14,ZA,1675717504
73,port alfred,-33.5906,26.891,23.73,91,100,0.69,ZA,1675717728
74,te anau,-45.4167,167.7167,13.76,87,98,3.5,NZ,1675717719
75,coihaique,-45.5752,-72.0662,18.97,42,0,4.63,CL,1675717729
76,vathi,38.4,23.6,3.66,83,100,6.02,GR,1675717729
77,konevo,62.1215,39.3192,-12.76,98,88,2.02,RU,1675717729
78,fez,34.0372,-4.9998,7.14,75,0,3.09,MA,1675717730
79,trujillo,-8.116,-79.03,24.98,73,75,2.57,PE,1675717730
80,flinders,-34.5833,150.8552,22.32,87,85,0.89,AU,1675717730
81,ushuaia,-54.8,-68.3,11.79,97,100,0.74,AR,1675717731
82,cockburn town,21.4612,-71.1419,26.98,65,40,5.66,TC,1675717731
83,torbay,47.6666,-52.7314,3.65,96,100,4.12,CA,1675717731
84,constitucion,-35.3333,-72.4167,20.82,64,23,6.67,CL,1675717560
85,gualaquiza,-3.4,-78.55,22.46,84,93,1.11,EC,1675717732
86,ayagoz,47.9714,80.4392,-6.11,97,97,2.73,KZ,1675717732
87,cabedelo,-6.9811,-34.8339,26.37,71,78,6.05,BR,1675717733
88,huilong,31.8111,121.655,7.18,92,100,4.31,CN,1675717733
89,antalaha,-14.9003,50.2788,23.39,91,100,1.59,MG,1675717733
90,warmbad,-28.45,18.7333,24.96,31,17,6.61,NA,1675717734
91,nizhniy kuranakh,58.8353,125.4869,-44.49,100,50,1.13,RU,1675717734
92,haines junction,60.7522,-137.5108,-3.11,81,76,1.48,CA,1675717734
93,yeniseysk,58.4497,92.1703,-25.62,100,100,0.71,RU,1675717735
94,bara,10.3744,10.7288,27.74,16,100,6.79,NG,1675717735
95,saint-philippe,-21.3585,55.7679,25.77,84,81,4.83,RE,1675717693
96,grindavik,63.8424,-22.4338,-1.03,80,75,14.92,IS,1675717736
97,aksarka,66.5606,67.7975,-27.38,100,99,0.36,RU,1675717736
98,athabasca,54.7169,-113.2854,0.99,83,96,5.03,CA,1675717732
99,san juan,-31.5375,-68.5364,36.66,13,0,8.52,AR,1675717736
100,xuddur,4.1213,43.8894,23.8,59,34,6.47,SO,1675717737
101,khatanga,71.9667,102.5,-40.52,100,57,1.6,RU,1675717737
102,upernavik,72.7868,-56.1549,-23.18,94,100,3.47,GL,1675717492
103,washington,47.5001,-120.5015,8.29,67,100,2.6,US,1675717722
104,chuy,-33.6971,-53.4616,25.31,56,100,4.07,UY,1675717482
105,koshurnikovo,54.1667,93.3,-25.66,100,85,1.42,RU,1675717738
106,ponta do sol,32.6667,-17.1,15.35,55,20,4.21,PT,1675717738
107,qandala,11.472,49.8728,23.56,77,87,2.48,SO,1675717738
108,lanzhou,36.0564,103.7922,1.27,41,100,0.85,CN,1675717560
109,bethel,41.3712,-73.414,8.17,64,100,5.14,US,1675717570
110,kerema,-7.9631,145.7785,24.54,92,100,3.02,PG,1675717739
111,marsh harbour,26.5412,-77.0636,22.62,66,0,7.33,BS,1675717739
112,bethanien,-26.502,17.1583,24.88,39,43,5.66,NA,1675717740
113,bambous virieux,-20.3428,57.7575,25.68,78,52,6.55,MU,1675717740
114,salalah,17.0151,54.0924,22.05,56,0,2.06,OM,1675717740
115,sitka,57.0531,-135.33,3.94,81,75,4.63,US,1675717426
116,abha,18.2164,42.5053,11.14,82,0,2.57,SA,1675717741
117,faanui,-16.4833,-151.75,27.28,75,8,6.95,PF,1675717444
118,yar-sale,66.8333,70.8333,-25.53,100,90,2.1,RU,1675717492
119,alofi,-19.0595,-169.9187,28.94,74,75,4.12,NU,1675717741
120,tura,25.5198,90.2201,13.95,53,0,1.44,IN,1675717742
121,pingliang,35.5392,106.6861,1.42,50,75,0.6,CN,1675717742
122,castro,-24.7911,-50.0119,24.43,64,30,0.17,BR,1675717742
123,vietri sul mare,40.6687,14.7253,4.36,75,78,3.78,IT,1675717743
124,lata,40.1629,-8.3327,12.67,66,1,2.2,PT,1675717744
125,caohai,26.8661,104.2841,4.65,84,73,1.53,CN,1675717744
126,abong mbang,3.9833,13.1833,21.69,24,18,0.83,CM,1675717745
127,providencia,28.7167,-111.5833,26.23,33,96,8.72,MX,1675717745
128,pisco,-13.7,-76.2167,27.03,74,0,8.23,PE,1675717745
129,comodoro rivadavia,-45.8667,-67.5,20.96,46,36,5.9,AR,1675717746
130,kropotkin,45.4375,40.5756,-3.07,87,100,8.13,RU,1675717746
131,alice springs,-23.7,133.8833,18.75,63,40,2.57,AU,1675717746
132,irbit,57.6705,63.071,-11.06,96,100,2.04,RU,1675717747
133,petauke,-14.2426,31.3253,18.99,94,93,1.03,ZM,1675717747
134,caaguazu,-25.45,-56.0167,32.99,30,76,3.74,PY,1675717590
135,hammond,41.5834,-87.5,7.01,60,0,6.17,US,1675717584
136,geraldton,-28.7667,114.6,17.23,82,40,4.12,AU,1675717725
137,la palma,33.8464,-118.0467,22.03,37,0,4.63,US,1675717748
138,doha,25.2867,51.5333,20.94,83,0,5.14,QA,1675717690
139,barrow,71.2906,-156.7887,-21.99,84,100,4.63,US,1675717748
140,naze,28.3667,129.4833,17.91,86,11,5.41,JP,1675717749
141,novoselytsya,48.2193,26.2653,-4.34,86,100,5.2,UA,1675717749
142,pangnirtung,66.1451,-65.7125,-37.03,95,100,1.72,CA,1675717750
143,hovd,48.0056,91.6419,-17.24,87,5,0.78,MN,1675717750
144,ambon,-3.6954,128.1814,25.08,94,40,0.51,ID,1675717750
145,alpena,45.0617,-83.4327,-2.16,77,0,4.63,US,1675717751
146,butaritari,3.0707,172.7902,27.44,79,59,8.87,KI,1675717752
147,codrington,-38.2667,141.9667,15.47,78,47,2.71,AU,1675717752
148,tuatapere,-46.1333,167.6833,15.39,79,91,2.48,NZ,1675717752
149,kachug,53.9606,105.8817,-21.1,99,92,1.64,RU,1675717753
150,umm lajj,25.0213,37.2685,19.54,44,94,3.49,SA,1675717753
151,sobolevo,54.4299,31.8996,-4.98,97,100,1.04,RU,1675717753
152,yongan,39.6957,113.6871,-3.03,50,4,1.6,CN,1675717754
153,hella,67.2,14.4333,8.27,88,100,16.98,NO,1675717754
154,syracuse,37.0881,15.2792,7.65,52,100,3.22,IT,1675717754
155,puerto ayora,-0.7393,-90.3518,29.98,74,51,6.71,EC,1675717755
156,le moule,16.3332,-61.3473,25.66,100,11,0.89,GP,1675717755
157,huarmey,-10.0681,-78.1522,24.79,74,59,3.49,PE,1675717705
158,biograd na moru,43.9433,15.4519,0.42,52,65,7.68,HR,1675717756
159,yellowknife,62.456,-114.3525,-18.0,94,99,2.52,CA,1675717732
160,ojuelos de jalisco,21.8667,-101.5833,22.74,11,1,4.02,MX,1675717756
161,sept-iles,50.2001,-66.3821,-9.0,67,20,3.09,CA,1675717557
162,bandarbeyla,9.4942,50.8122,23.9,76,86,6.22,SO,1675717757
163,brooks,50.5834,-111.8851,2.24,67,4,4.29,CA,1675717757
164,port elizabeth,-33.918,25.5701,23.39,93,20,3.09,ZA,1675717555
165,mar del plata,-38.0023,-57.5575,22.01,59,0,8.23,AR,1675717739
166,homer,59.6425,-151.5483,-0.06,87,100,5.66,US,1675717491
167,san patricio,28.017,-97.5169,26.97,56,13,9.17,US,1675717758
168,velingara,13.15,-14.1167,28.23,15,38,2.88,SN,1675717758
169,norman wells,65.282,-126.8329,-25.98,76,75,1.54,CA,1675717550
170,harper,4.375,-7.7169,26.37,80,100,3.87,LR,1675717759
171,kangasala,61.4638,24.076,-3.15,100,78,2.0,FI,1675717759
172,kaabong,3.4836,34.1492,21.02,30,5,2.43,UG,1675717760
173,springdale,36.1867,-94.1288,18.85,65,40,12.35,US,1675717760
174,yumen,40.2833,97.2,-3.89,45,75,4.25,CN,1675717760
175,husavik,66.0449,-17.3389,-1.31,83,69,6.31,IS,1675717761
176,henties bay,-22.116,14.2845,18.11,89,57,1.58,NA,1675717761
177,berlevag,70.8578,29.0864,4.0,81,100,13.89,NO,1675717762
178,vostok,46.4856,135.8833,-20.36,98,100,2.15,RU,1675717569
179,broken hill,-31.95,141.4333,21.11,36,1,4.74,AU,1675717762
180,talnakh,69.4865,88.3972,-23.22,99,100,2.32,RU,1675717493
181,airai,-8.9266,125.4092,15.47,91,74,0.92,TL,1675717709
182,narsaq,60.9167,-46.05,-14.88,66,40,3.64,GL,1675717763
183,ilulissat,69.2167,-51.1,-18.99,78,75,3.6,GL,1675717764
184,egvekinot,66.3167,-179.1667,-27.27,88,100,4.71,RU,1675717764
185,coruripe,-10.1256,-36.1756,26.53,74,100,5.51,BR,1675717747
186,glace bay,46.1969,-59.957,2.25,85,100,2.57,CA,1675717765
187,sirari,-1.2333,34.4333,18.04,68,63,2.6,TZ,1675717765
188,qaanaaq,77.484,-69.3632,-27.93,98,100,1.64,GL,1675717765
189,fairbanks,64.8378,-147.7164,-14.95,78,40,0.0,US,1675717502
190,beira,-19.8436,34.8389,26.03,76,28,3.21,MZ,1675717766
191,gao,16.6362,1.637,26.89,11,94,3.71,ML,1675717766
192,severo-kurilsk,50.6789,156.125,-4.16,71,100,11.3,RU,1675717709
193,ancud,-41.8697,-73.8203,16.96,66,0,2.63,CL,1675717767
194,rockingham,42.9668,-71.0995,7.31,61,100,0.45,US,1675717683
195,tiksi,71.6872,128.8694,-35.53,100,90,2.32,RU,1675717588
196,sioux lookout,50.1001,-91.917,0.36,84,100,6.4,CA,1675717671
197,banda aceh,5.5577,95.3222,25.2,83,97,0.99,ID,1675717767
198,ust-omchug,61.15,149.6333,-35.7,97,96,1.8,RU,1675717768
199,ribeira grande,38.5167,-28.7,14.32,72,40,11.18,PT,1675717768
200,pevek,69.7008,170.3133,-36.81,100,100,1.61,RU,1675717571
201,tazmalt,36.3868,4.3989,9.35,69,77,1.91,DZ,1675717769
202,iquique,-20.2208,-70.1431,26.02,76,97,3.79,CL,1675717769
203,taksimo,56.3444,114.8794,-19.14,87,100,1.78,RU,1675717769
204,marawi,7.9986,124.2928,19.07,91,100,1.08,PH,1675717770
205,bagdarin,54.4333,113.6,-23.46,94,99,1.73,RU,1675717770
206,guerrero negro,27.9769,-114.0611,17.07,54,98,8.96,MX,1675717770
207,taoudenni,22.6783,-3.9836,20.2,19,100,3.0,ML,1675717771
208,beloha,-25.1667,45.05,23.38,85,100,5.44,MG,1675717771
209,anaconda,46.1285,-112.9423,3.55,73,72,4.39,US,1675717772
210,mitzic,0.7821,11.549,21.11,93,71,1.47,GA,1675717772
211,chokurdakh,70.6333,147.9167,-31.53,99,100,1.3,RU,1675717772
212,ajdabiya,30.7554,20.2263,12.57,56,100,5.29,LY,1675717773
213,polunochnoye,60.8697,60.4153,-22.38,100,79,1.27,RU,1675717773
214,sorong,-0.8833,131.25,25.68,83,100,1.98,ID,1675717773
215,malanje,-9.5402,16.341,17.13,97,65,1.87,AO,1675717774
216,nelson bay,-32.7167,152.15,25.0,89,88,2.68,AU,1675717774
217,grand-lahou,5.1367,-5.0242,26.72,84,96,5.65,CI,1675717774
218,lagoa,39.05,-27.9833,13.28,73,100,11.95,PT,1675717775
219,balkhash,46.844,74.9804,-15.6,98,96,1.54,KZ,1675717775
220,ust-kalmanka,52.1207,83.305,-5.0,95,100,3.81,RU,1675717775
221,saint-pierre,-21.3393,55.4781,25.82,78,0,3.09,RE,1675717776
222,cortez,37.3489,-108.5859,3.91,51,0,8.23,US,1675717776
223,montmagny,48.9734,2.3469,4.97,80,0,4.12,FR,1675717585
224,rawson,-43.3002,-65.1023,29.16,30,0,6.17,AR,1675717776
225,sisimiut,66.9395,-53.6735,-19.62,91,100,2.61,GL,1675717777
226,nalut,30.3333,10.85,11.27,49,96,4.39,LY,1675717777
227,uvarovka,55.5278,35.6061,-12.35,97,66,1.74,RU,1675717778
228,quirinopolis,-18.4483,-50.4517,26.6,77,88,1.94,BR,1675717778
229,lasa,46.6166,10.7002,-0.91,96,93,1.93,IT,1675717502
230,caarapo,-22.6342,-54.8222,26.21,70,82,1.92,BR,1675717778
231,cidreira,-30.1811,-50.2056,25.56,65,12,3.86,BR,1675717779
232,magadi,12.9667,77.2333,18.48,58,100,3.14,IN,1675717577
233,nanortalik,60.1432,-45.2371,-11.23,84,100,6.72,GL,1675717779
234,gigmoto,13.7796,124.39,24.84,89,68,3.39,PH,1675717780
235,labuhan,-6.8844,112.2051,24.6,84,100,3.68,ID,1675717780
236,itarema,-2.9248,-39.9167,26.31,78,100,4.86,BR,1675717725
237,bollnas,61.3482,16.3946,-2.88,92,96,1.74,SE,1675717780
238,teguldet,57.3064,88.1667,-20.25,97,90,2.02,RU,1675717781
239,zheshart,62.0731,49.5733,-20.21,100,100,1.25,RU,1675717781
240,thohoyandou,-22.9456,30.485,21.04,78,38,1.61,ZA,1675717781
241,langres,47.8333,5.3333,-2.12,76,4,6.21,FR,1675717782
242,narrabri,-30.3167,149.7833,23.07,71,58,0.89,AU,1675717782
243,usinsk,65.9939,57.5281,-20.22,100,100,3.94,RU,1675717782
244,asyut,27.181,31.1837,9.34,36,69,3.35,EG,1675717783
245,nemuro,43.3236,145.575,-4.11,94,100,4.5,JP,1675717783
246,castleisland,52.2333,-9.4667,7.66,92,100,2.25,IE,1675717784
247,mangrol,21.1167,70.1167,20.21,76,3,3.72,IN,1675717784
248,fortuna,40.5982,-124.1573,12.74,69,100,0.89,US,1675717654
249,kargil,34.5667,76.1,-22.3,87,58,1.8,IN,1675717784
250,ostrovnoy,68.0531,39.5131,-5.99,88,100,9.69,RU,1675717678
251,los llanos de aridane,28.6585,-17.9182,14.86,74,20,7.72,ES,1675717785
252,saskylakh,71.9167,114.0833,-31.74,100,98,1.41,RU,1675717773
253,bundaberg,-24.85,152.35,24.01,87,24,1.34,AU,1675717733
254,dombarovskiy,50.7587,59.5386,-24.11,100,79,1.36,RU,1675717785
255,adrar,20.5022,-10.0711,17.93,22,58,4.03,MR,1675717785
256,barbate,36.1924,-5.9219,11.44,87,2,3.6,ES,1675717786
257,skjervoy,70.0311,20.9714,10.0,88,100,7.43,NO,1675717786
258,mackay,-21.15,149.2,26.49,84,35,7.19,AU,1675717787
259,solnechnyy,50.7214,136.6319,-22.11,98,100,1.32,RU,1675717787
260,belmonte,-15.8631,-38.8828,26.85,78,0,5.41,BR,1675717529
261,san policarpo,12.1791,125.5072,25.91,82,93,4.9,PH,1675717787
262,karasjok,69.4719,25.5112,2.18,84,100,9.19,NO,1675717788
263,cherskiy,68.75,161.3,-38.29,100,100,2.52,RU,1675717788
264,ginda,30.6945,78.4932,3.91,49,4,3.65,IN,1675717789
265,moyale,3.5167,39.0584,22.61,32,8,5.55,KE,1675717789
266,bredasdorp,-34.5322,20.0403,21.66,87,92,2.13,ZA,1675717688
267,trincomalee,8.5711,81.2335,25.59,83,51,5.62,LK,1675717789
268,hithadhoo,-0.6,73.0833,27.32,71,63,5.34,MV,1675717426
269,kuching,1.55,110.3333,26.68,89,40,0.51,MY,1675717790
270,victoria point,-27.5833,153.3,23.86,91,95,4.11,AU,1675717790
271,poum,-20.2333,164.0167,27.52,83,92,6.75,NC,1675717790
272,sakaiminato,35.55,133.2333,7.14,70,99,2.49,JP,1675717791
273,lompoc,34.6391,-120.4579,18.21,63,0,5.81,US,1675717791
274,tocopilla,-22.092,-70.1979,23.75,74,50,3.38,CL,1675717791
275,alugan,12.2188,125.4808,25.46,84,95,4.46,PH,1675717792
276,kashi,39.4547,75.9797,-3.56,71,100,1.43,CN,1675717792
277,zhigansk,66.7697,123.3711,-48.32,100,71,0.75,RU,1675717793
278,rock sound,24.9,-76.2,23.76,74,1,7.35,BS,1675717711
279,kavaratti,10.5669,72.642,26.96,75,84,5.96,IN,1675717793
280,kyabram,-36.3167,145.05,15.49,72,0,6.04,AU,1675717794
281,denpasar,-8.65,115.2167,25.81,94,75,7.72,ID,1675717503
282,itoman,26.1247,127.6694,20.01,88,40,6.17,JP,1675717794
283,mehamn,71.0357,27.8492,3.97,81,75,13.89,NO,1675717795
284,palana,59.1167,159.9667,-26.67,98,98,4.13,RU,1675717795
285,laguna,38.421,-121.4238,16.16,46,0,7.72,US,1675717795
286,asmar,35.0333,71.3581,5.67,59,12,4.73,AF,1675717795
287,thiers,45.8333,3.5,4.18,92,47,1.48,FR,1675717796
288,tateyama,34.9833,139.8667,8.94,66,100,4.44,JP,1675717796
289,georgetown,5.4112,100.3354,25.96,78,20,2.57,MY,1675717643
290,khor,47.8861,134.9464,-17.8,98,100,1.61,RU,1675717796
291,yerofey pavlovich,53.9667,121.9667,-30.35,96,26,1.47,RU,1675717797
292,saint-augustin,51.226,-58.6502,-17.66,84,84,2.15,CA,1675717797
293,vila velha,-20.3297,-40.2925,27.19,80,0,3.09,BR,1675717798
294,atasu,48.6814,71.6433,-11.63,97,100,3.43,KZ,1675717798
295,yangjiang,21.85,111.9667,18.16,95,83,1.4,CN,1675717798
296,the valley,18.217,-63.0578,26.57,81,3,8.01,AI,1675717799
297,khandbari,27.3747,87.2039,11.86,78,67,0.81,NP,1675717799
298,asamankese,5.8601,-0.6635,25.81,84,62,3.6,GH,1675717800
299,chancay,-11.5714,-77.2672,24.4,75,35,3.22,PE,1675717800
300,tena,-0.9833,-77.8167,27.09,68,47,1.9,EC,1675717801
301,manali,13.1667,80.2667,24.05,79,4,1.27,IN,1675717801
302,klaksvik,62.2266,-6.589,6.51,70,100,13.52,FO,1675717555
303,xacmaz,41.4635,48.806,4.16,88,100,1.43,AZ,1675717801
304,oshawa,43.9001,-78.8496,-0.05,68,7,0.45,CA,1675717768
305,sinnamary,5.3833,-52.95,24.94,88,73,5.85,GF,1675717802
306,kampong thum,12.7111,104.8887,23.97,74,41,3.47,KH,1675717657
307,richards bay,-28.783,32.0377,22.63,92,0,1.49,ZA,1675717802
308,farkhor,37.4922,69.4036,6.18,72,22,2.75,TJ,1675717764
309,smithers,54.7804,-127.1743,1.84,97,97,0.41,CA,1675717803
310,kaitangata,-46.2817,169.8464,19.66,48,13,4.49,NZ,1675717803
311,koumac,-20.5667,164.2833,28.15,77,98,1.46,NC,1675717804
312,shakhtinsk,49.71,72.5872,-10.64,97,94,2.92,KZ,1675717804
313,rudbar,30.15,62.6,14.15,22,27,3.93,AF,1675717805
314,sherbakul,54.6316,72.3963,-22.05,100,100,1.95,RU,1675717805
315,university park,25.7465,-80.3676,26.11,69,75,6.69,US,1675717806
316,banjar,-8.19,114.9675,24.39,90,100,1.65,ID,1675717806
317,alexandria,31.2156,29.9553,12.84,58,93,8.95,EG,1675717807
318,imeni poliny osipenko,52.4201,136.4853,-27.16,100,100,0.68,RU,1675717807
319,phalombe,-15.8064,35.6507,19.0,96,100,0.19,MW,1675717807
320,lavrentiya,65.5833,-171.0,-26.33,89,100,1.88,RU,1675717532
321,east millcreek,40.7,-111.8105,2.99,84,75,4.12,US,1675717629
322,provideniya,64.3833,-173.3,-17.94,71,40,1.0,RU,1675717808
323,iqaluit,63.7506,-68.5145,-35.48,93,89,3.39,CA,1675717601
324,fenoarivo,-18.933,47.4354,19.04,100,75,3.6,MG,1675717809
325,karratha,-20.7377,116.8463,29.59,66,3,1.64,AU,1675717809
326,tromso,69.6496,18.957,5.21,87,75,9.26,NO,1675717810
327,ratnagiri,16.9833,73.3,21.73,65,27,3.58,IN,1675717810
328,gouyave,12.1646,-61.7296,24.81,79,100,8.12,GD,1675717811
329,khani,41.9563,42.9566,3.76,67,100,2.38,GE,1675717811
330,suntar,62.1444,117.6319,-42.19,100,93,0.7,RU,1675717812
331,kloulklubed,7.0419,134.2556,25.28,76,100,9.14,PW,1675717812
332,benguela,-12.5763,13.4055,24.68,80,89,2.77,AO,1675717812
333,corn island,12.1694,-83.0418,26.2,78,2,8.63,NI,1675717810
334,santa cruz das palmeiras,-21.8269,-47.2486,23.38,90,97,1.17,BR,1675717813
335,saint-paul,-21.0096,55.2707,26.06,80,45,1.22,RE,1675717813
336,yangliuqing,39.1375,116.9997,-6.03,71,1,2.14,CN,1675717814
337,houston,29.7633,-95.3633,24.54,64,40,9.77,US,1675717518
338,arman,59.7,150.1667,-28.85,83,84,3.96,RU,1675717814
339,winslow,35.0242,-110.6974,9.1,31,40,7.72,US,1675717731
340,hirado,33.3597,129.5531,10.29,90,100,6.75,JP,1675717815
341,nizwa,22.9333,57.5333,21.72,42,98,1.72,OM,1675717816
342,hay river,60.8156,-115.7999,-16.45,87,100,3.4,CA,1675717816
343,san joaquin,37.9333,-121.3011,15.74,53,0,5.66,US,1675717817
344,strezhevoy,60.7333,77.5889,-18.47,99,100,0.76,RU,1675717817
345,tabas,33.5959,56.9244,12.5,30,97,2.26,IR,1675717817
346,bubaque,11.2833,-15.8333,24.55,69,4,10.35,GW,1675717818
347,darfield,53.5339,-1.376,4.02,80,29,1.36,GB,1675717818
348,lakhdenpokhya,61.5198,30.1992,-14.9,98,83,1.84,RU,1675717819
349,saint-leu,-21.15,55.2833,25.48,79,41,0.46,RE,1675717819
350,sur,22.5667,59.5289,21.56,64,82,2.36,OM,1675717819
351,bozoum,6.3193,16.3799,23.2,17,24,1.37,CF,1675717820
352,iguape,-24.7081,-47.5553,26.83,79,33,3.71,BR,1675717599
353,clyde river,70.4692,-68.5914,-33.87,68,20,2.06,CA,1675717551
354,kruisfontein,-34.0033,24.7314,22.16,91,84,0.86,ZA,1675717820
355,worland,44.0169,-107.9554,4.25,65,100,2.24,US,1675717821
356,visby,57.6409,18.296,-3.88,93,26,3.09,SE,1675717822
357,maragogi,-9.0122,-35.2225,26.01,74,100,4.09,BR,1675717822
358,banepa,27.6298,85.5214,8.96,87,20,1.03,NP,1675717822
359,jurm,36.8648,70.8342,-4.82,66,96,2.51,AF,1675717823
360,eureka,40.8021,-124.1637,12.89,73,99,1.34,US,1675717823
361,choya,52.0108,86.5467,-11.08,98,97,1.47,RU,1675717824
362,shangrao,28.4532,117.9686,10.82,98,100,1.05,CN,1675717824
363,burnie,-41.0667,145.9167,12.75,79,7,3.63,AU,1675717824
364,rincon,32.296,-81.2354,20.98,33,20,1.54,US,1675717695
365,matara,5.9485,80.5353,24.21,90,100,1.63,LK,1675717825
366,lishan,31.8576,113.2951,7.14,76,66,1.96,CN,1675717825
367,beyneu,45.3167,55.2,1.78,84,100,7.62,KZ,1675717826
368,ukiah,39.1502,-123.2078,13.35,65,0,1.54,US,1675717823
369,santa rosa,14.3122,121.1114,25.05,90,90,2.75,PH,1675717826
370,peniche,39.3558,-9.3811,10.25,88,22,5.02,PT,1675717611
371,lena,43.1,-5.7333,-0.06,94,53,0.94,ES,1675717827
372,inhambane,-23.865,35.3833,24.89,86,100,4.74,MZ,1675717827
373,seminole,28.7086,-81.2081,25.14,48,0,4.12,US,1675717741
374,alta floresta,-9.8756,-56.0861,25.72,92,88,1.52,BR,1675717639
375,tanabe,33.7333,135.3667,8.46,45,100,2.8,JP,1675717828
376,asau,46.4333,26.4,-4.49,94,70,2.16,RO,1675717828
377,santander,43.4647,-3.8044,7.48,81,20,3.09,ES,1675717761
378,novomikhaylovskiy,44.2581,38.8578,-0.18,81,100,14.7,RU,1675717829
379,tafresh,34.692,50.013,0.37,66,98,1.98,IR,1675717829
380,teya,60.3778,92.6267,-25.53,100,100,1.01,RU,1675717830
381,kigali,-1.95,30.0588,18.71,72,40,2.06,RW,1675717830
382,katsuura,35.1333,140.3,9.79,69,100,3.46,JP,1675717830
383,aykhal,66.0,111.5,-36.51,100,99,1.68,RU,1675717831
384,padang,-0.9492,100.3543,25.02,81,100,1.61,ID,1675717831
385,puerto rondon,6.2805,-71.1,33.26,34,99,3.93,CO,1675717832
386,shizukuishi,39.6833,140.9833,-1.11,93,100,1.0,JP,1675717832
387,san pedro,14.35,121.0167,24.62,89,40,1.03,PH,1675717711
388,rundu,-17.9333,19.7667,19.04,95,100,1.07,NA,1675717832
389,yarada,17.65,83.2667,21.18,100,56,1.03,IN,1675717833
390,tautira,-17.7333,-149.15,26.88,75,43,6.68,PF,1675717833
391,namatanai,-3.6667,152.4333,25.99,84,98,1.62,PG,1675717834
392,tynda,55.1667,124.7167,-41.4,98,39,1.3,RU,1675717834
393,tabuk,17.4189,121.4443,20.97,95,74,1.13,PH,1675717834
394,najran,17.4924,44.1277,20.87,54,80,2.94,SA,1675717705
395,bengkulu,-3.8004,102.2655,24.14,84,82,2.7,ID,1675717835
396,mumford,5.2618,-0.759,26.43,88,29,6.29,GH,1675717835
397,kinsale,51.7075,-8.5306,6.65,93,75,1.54,IE,1675717836
398,san cristobal,7.7669,-72.225,26.1,46,68,2.31,VE,1675717836
399,yichang,30.7144,111.2847,8.5,72,74,0.23,CN,1675717838
400,thinadhoo,0.5333,72.9333,27.11,76,100,4.77,MV,1675717838
401,aranos,-24.1333,19.1167,25.71,52,97,3.39,NA,1675717838
402,ketchikan,55.3422,-131.6461,6.26,75,40,2.57,US,1675717839
403,motygino,58.1831,94.7592,-26.12,100,100,0.76,RU,1675717839
404,broome,42.2506,-75.833,1.66,81,100,4.63,US,1675717840
405,roura,4.7263,-52.3274,23.95,94,75,5.66,GF,1675717840
406,nisia floresta,-6.0911,-35.2086,26.45,79,32,4.28,BR,1675717840
407,touros,-5.1989,-35.4608,26.7,78,7,5.77,BR,1675717720
408,durban,-29.8579,31.0292,25.01,88,0,1.34,ZA,1675717557
409,mpanda,-6.3655,31.0409,18.29,95,100,0.77,TZ,1675717841
410,victoria,22.2855,114.1577,20.53,90,99,3.58,HK,1675717841
411,grootfontein,-19.5667,18.1167,17.98,95,99,2.7,NA,1675717842
412,krasnyy chikoy,50.3643,108.7512,-24.66,100,79,0.81,RU,1675717842
413,tongliao,43.6125,122.2653,-11.52,67,77,2.7,CN,1675717842
414,dyersburg,36.0345,-89.3856,19.08,34,0,6.69,US,1675717843
415,bow island,49.8668,-111.3684,4.71,59,4,5.55,CA,1675717843
416,xining,36.6167,101.7667,-4.05,46,100,1.34,CN,1675717843
417,ugoofaaru,5.6667,73.0,26.88,76,100,3.78,MV,1675717844
418,cam ranh,11.9214,109.1591,21.98,88,0,1.54,VN,1675717844
419,balezino,57.9796,53.0106,-23.39,100,78,1.31,RU,1675717844
420,hualmay,-11.0964,-77.6139,24.79,74,52,3.5,PE,1675717845
421,sorland,67.667,12.6934,7.92,90,100,18.87,NO,1675717845
422,susanville,40.4163,-120.653,5.51,60,0,2.57,US,1675717845
423,gizo,-8.103,156.8419,27.25,81,100,5.71,SB,1675717846
424,ucluelet,48.9329,-125.5528,9.17,93,100,1.34,CA,1675717846
425,namibe,-15.1961,12.1522,21.76,77,92,2.14,AO,1675717846
426,acapulco,16.8634,-99.8901,28.9,65,0,6.17,MX,1675717847
427,salinas,36.6777,-121.6555,16.09,56,0,3.6,US,1675717675
428,brzeg,50.8608,17.4674,-4.65,83,9,1.72,PL,1675717847
429,puerto escondido,15.85,-97.0667,28.46,61,40,3.6,MX,1675717847
430,axim,4.8699,-2.2405,26.43,87,98,4.46,GH,1675717848
431,tourlaville,49.6383,-1.5664,5.68,81,0,4.12,FR,1675717848
432,nioro,13.35,-15.75,26.27,18,14,3.66,GM,1675717848
433,malatya,38.5,38.0,-0.97,100,75,1.54,TR,1675717849
434,voh,-20.9667,164.7,27.97,79,100,1.72,NC,1675717677
435,shizuishan,39.2333,106.7694,-3.11,37,0,0.83,CN,1675717849
436,chilca,-12.5211,-76.7372,24.11,76,21,2.79,PE,1675717850
437,kitimat,54.0524,-128.6534,1.21,100,100,1.34,CA,1675717850
438,superior,46.7208,-92.1041,2.26,74,0,5.66,US,1675717669
439,uttaradit,17.6667,100.5,18.9,63,37,0.58,TH,1675717850
440,progreso,21.2833,-89.6667,29.06,67,12,6.12,MX,1675717851
441,mason city,43.1536,-93.201,3.51,83,100,7.2,US,1675717851
442,upington,-28.4478,21.2561,25.09,51,100,3.99,ZA,1675717852
443,rosario,-32.9468,-60.6393,36.08,19,0,0.89,AR,1675717627
444,la rioja,42.25,-2.5,-2.12,85,6,1.5,ES,1675717852
445,nsanje,-16.92,35.262,22.37,96,99,0.76,MW,1675717852
446,samarai,-10.6167,150.6667,25.43,88,100,4.29,PG,1675717658
447,jieshi,22.8134,115.8257,18.31,91,37,1.17,CN,1675717853
448,totness,5.8833,-56.3167,25.74,81,36,5.51,SR,1675717853
449,maniitsoq,65.4167,-52.9,-13.4,83,100,1.67,GL,1675717854
450,koping,59.514,15.9926,0.66,94,23,2.34,SE,1675717854
451,batagay-alyta,67.8006,130.4114,-40.98,96,27,1.99,RU,1675717854
452,karaton,-6.3424,106.1045,23.73,88,100,1.95,ID,1675717854
453,mayumba,-3.432,10.6554,25.74,82,79,0.9,GA,1675717578
454,biharamulo,-2.6319,31.3089,15.58,92,99,2.16,TZ,1675717855
455,mushie,-3.0167,16.9,22.03,93,48,1.61,CD,1675717855
456,dauphin,51.1494,-100.0502,1.81,89,79,5.76,CA,1675717856
457,korla,41.7597,86.1469,-0.05,58,100,1.73,CN,1675717856
458,benghazi,32.1167,20.0667,12.72,60,100,8.41,LY,1675717856
459,nicoya,10.1483,-85.452,32.77,40,6,7.19,CR,1675717857
460,samfya,-11.3649,29.5565,18.37,91,100,2.51,ZM,1675717857
461,porto novo,6.4965,2.6036,27.1,83,100,3.83,BJ,1675717857
462,mahibadhoo,3.7833,72.9667,26.95,75,100,3.33,MV,1675717858
463,dunedin,-45.8742,170.5036,19.22,57,3,2.42,NZ,1675717758
464,abu kamal,34.4506,40.9171,9.98,61,49,9.81,SY,1675717858
465,cotonou,6.3654,2.4183,27.32,85,100,5.52,BJ,1675717860
466,digha,21.6833,87.55,20.38,89,7,3.31,IN,1675717651
467,kupang,-10.1667,123.5833,25.65,84,89,5.05,ID,1675717860
468,tokoroa,-38.2333,175.8667,16.64,82,90,0.89,NZ,1675717861
469,ladario,-19.0047,-57.6017,25.16,94,75,1.54,BR,1675717861
470,port hedland,-20.3167,118.5667,28.03,89,2,2.57,AU,1675717862
471,bintulu,3.1667,113.0333,24.61,89,100,1.53,MY,1675717862
472,alihe,50.5667,123.7167,-27.58,99,30,1.62,CN,1675717862
473,pakxe,15.1167,105.7833,23.94,61,27,1.39,LA,1675717863
474,port-cartier,50.0334,-66.8654,-9.58,76,85,2.3,CA,1675717863
475,kununurra,-15.7667,128.7333,21.99,94,55,0.0,AU,1675717814
476,poso,-1.3959,120.7524,24.15,87,98,1.39,ID,1675717864
477,port lincoln,-34.7333,135.8667,17.23,84,0,6.63,AU,1675717609
478,kota kinabalu,5.9749,116.0724,23.99,88,20,1.54,MY,1675717864
479,akureyri,65.6835,-18.0878,-1.95,84,100,4.56,IS,1675717802
480,presidencia roque saenz pena,-26.7852,-60.4388,39.42,14,1,1.3,AR,1675717865
481,kalmunai,7.4167,81.8167,24.51,87,56,2.91,LK,1675717865
482,hofn,64.2539,-15.2082,2.74,71,40,14.52,IS,1675717866
483,makaleng,-20.9,27.2833,23.85,46,55,3.24,BW,1675717866
484,cayenne,4.9333,-52.3333,24.02,94,75,5.66,GF,1675717593
485,koubia,11.5833,-11.9,24.47,21,99,0.7,GN,1675717867
486,sola,-13.8833,167.55,26.4,72,100,2.37,VU,1675717867
487,deputatskiy,69.3,139.9,-34.37,98,100,1.83,RU,1675717867
488,nome,64.5011,-165.4064,-13.96,66,0,4.12,US,1675717588
489,saldanha,-33.0117,17.9442,18.83,97,69,7.53,ZA,1675717868
490,belaya gora,68.5333,146.4167,-31.15,99,100,1.03,RU,1675717868
491,taoru,28.2167,76.95,16.81,56,0,2.56,IN,1675717869
492,mayo,38.8876,-76.5119,10.22,54,100,7.2,US,1675717869
493,diamantino,-14.4086,-56.4461,24.98,84,98,2.19,BR,1675717869
494,elbistan,38.2059,37.1983,-3.27,95,97,0.6,TR,1675717870
495,wodonga,-36.1167,146.8833,19.42,100,0,1.71,AU,1675717870
496,srivardhan,18.0333,73.0167,21.46,66,0,4.0,IN,1675717871
497,sao filipe,14.8961,-24.4956,20.59,61,8,7.46,CV,1675717763
498,baykit,61.67,96.37,-27.17,100,95,1.24,RU,1675717871
499,parnu-jaagupi,58.6105,24.5069,-1.83,96,95,1.28,EE,1675717871
500,roma,43.2128,-75.4557,1.95,70,100,4.63,US,1675717684
501,marfino,55.7028,37.3822,-5.05,79,100,2.0,RU,1675717872
502,wattegama,6.7989,81.4808,22.14,95,67,2.31,LK,1675717872
503,gaoyou,32.7858,119.4278,6.8,91,100,3.96,CN,1675717873
504,santa fe,-31.6333,-60.7,36.66,24,4,1.79,AR,1675717745
505,buraydah,26.326,43.975,17.31,36,100,3.54,SA,1675717873
506,tchibanga,-2.85,11.0333,21.95,96,62,1.45,GA,1675717874
507,rochester,43.1548,-77.6156,-0.15,76,100,3.09,US,1675717874
508,newport,51.5877,-2.9984,5.38,90,27,1.21,GB,1675717875
509,olafsvik,64.8945,-23.7142,-0.59,63,100,17.92,IS,1675717875
510,brownsville,25.9018,-97.4975,27.27,70,100,9.77,US,1675717772
511,zavyalovo,54.5053,82.4484,-8.27,95,100,3.95,RU,1675717876
512,svetlyy,54.675,20.1347,2.03,86,76,3.7,RU,1675717876
513,uaua,-9.8414,-39.4817,26.88,60,76,8.47,BR,1675717715
514,liverpool,53.4106,-2.9779,4.68,83,0,0.0,GB,1675717876
515,lazaro cardenas,17.9583,-102.2,28.04,58,0,4.89,MX,1675717877
516,zenzeli,45.9241,47.0474,-3.25,80,100,8.08,RU,1675717877
517,soyo,-6.1349,12.3689,26.7,82,67,2.64,AO,1675717665
518,lake cowichan,48.825,-124.0546,8.36,97,100,1.91,CA,1675717878
519,bathsheba,13.2167,-59.5167,27.34,65,20,8.23,BB,1675717878
520,tabou,4.423,-7.3528,26.22,82,100,3.78,CI,1675717879
521,berwick,41.0545,-76.2333,5.06,72,71,0.89,US,1675717879
522,hobyo,5.3505,48.5268,24.7,80,70,7.94,SO,1675717880
523,yulara,-25.2406,130.9889,22.15,24,0,3.15,AU,1675717727
524,amapa,1.0,-52.0,24.19,97,96,1.65,BR,1675717880
525,ossora,59.2353,163.0719,-26.45,92,100,2.19,RU,1675717881
526,waiouru,-39.4833,175.6667,15.83,60,2,1.84,NZ,1675717881
527,tindwari,25.6167,80.5333,16.36,46,0,1.65,IN,1675717645
528,kenai,60.5544,-151.2583,-1.06,93,100,4.63,US,1675717882
529,auki,-8.7676,160.7034,25.47,86,100,2.16,SB,1675717882
530,nilokheri,29.8333,76.9167,13.55,57,1,0.7,IN,1675717882
531,meadow lake,34.8014,-106.5436,12.56,27,46,9.45,US,1675717884
532,rozkishne,48.5074,39.3004,-7.21,79,100,5.55,UA,1675717884
533,selkirk,50.1436,-96.8845,0.04,95,100,5.12,CA,1675717885
534,margate,51.3813,1.3862,6.06,91,5,0.89,GB,1675717672
535,san quintin,30.4833,-115.95,16.24,55,15,7.52,MX,1675717885
536,josanicka banja,43.3895,20.7503,-5.39,96,84,1.23,RS,1675717886
537,eyl,7.9803,49.8164,23.6,77,17,6.66,SO,1675717886
538,merritt island,28.5392,-80.672,22.34,60,0,7.2,US,1675717660
539,seddon,-37.8068,144.8916,17.6,77,100,3.09,AU,1675717886
540,kitgum,3.2783,32.8867,24.1,39,18,1.45,UG,1675717777
541,tranby,59.8167,10.25,-0.34,95,100,1.15,NO,1675717887
542,jega,12.2175,4.3792,28.58,15,100,4.97,NG,1675717887
543,mujiayingzi,42.1167,118.7833,-7.13,47,98,1.03,CN,1675717888
544,moron,-34.6534,-58.6198,33.85,37,0,3.46,AR,1675717888
545,tazovskiy,67.4667,78.7,-24.75,100,98,1.63,RU,1675717888
546,kolyvan,55.3053,82.7391,-10.21,97,100,0.94,RU,1675717889
547,san luis rio colorado,32.4631,-114.7767,21.41,16,0,9.24,MX,1675717889
548,nairobi,-1.2833,36.8167,17.3,56,46,3.74,KE,1675717889
549,wanning,18.8003,110.3967,21.75,92,26,1.34,CN,1675717684
550,leningradskiy,69.3833,178.4167,-34.55,98,98,3.62,RU,1675717890
551,dobrokoz,46.4218,18.2395,-3.55,63,0,1.89,HU,1675717890
552,longido,-2.7333,36.6833,20.21,49,99,3.28,TZ,1675717891
553,yasothon,15.75,104.1333,26.69,53,28,2.47,TH,1675717891
554,el tigre,8.8875,-64.2454,30.26,38,97,5.0,VE,1675717891
555,mocajuba,-2.5842,-49.5072,25.71,92,88,1.09,BR,1675717892
556,port hardy,50.6996,-127.4199,7.15,96,100,9.71,CA,1675717618
557,petropavlovsk-kamchatskiy,53.0452,158.6483,-14.67,72,75,4.0,RU,1675717892
558,finnsnes,69.2296,17.9811,7.34,100,100,4.32,NO,1675717893
559,cascais,38.6979,-9.4215,12.19,76,54,6.26,PT,1675717893
560,bokhan,53.153,103.7714,-24.55,100,100,0.89,RU,1675717893
561,seabra,-12.4186,-41.7703,23.23,56,35,2.96,BR,1675717894
562,yerbogachen,61.2767,108.0108,-24.7,99,97,1.23,RU,1675717894
563,ceres,37.5949,-120.9577,14.43,59,0,6.17,US,1675717894
564,tommot,58.9564,126.2925,-46.77,99,91,0.26,RU,1675717895
565,premia de mar,41.4921,2.3652,11.84,54,35,7.6,ES,1675717781
566,north bend,43.4065,-124.2243,12.31,71,100,1.54,US,1675717895
567,teknaf,20.8624,92.3058,16.99,60,15,3.41,BD,1675717625
568,karatuzskoye,53.6072,92.8667,-25.63,100,100,0.43,RU,1675717896
569,sao felix do xingu,-6.6447,-51.995,28.07,74,58,0.92,BR,1675717896
570,indre arna,60.4247,5.4764,6.12,76,100,2.3,NO,1675717897
571,hisar,29.1667,75.7167,15.06,45,0,2.33,IN,1675717897
572,maputo,-25.9653,32.5892,22.71,93,12,3.48,MZ,1675717824
573,madingou,-4.1536,13.55,22.51,89,90,0.77,CG,1675717897
574,panguna,-6.3164,155.4848,20.66,95,100,0.91,PG,1675717898
575,placido de castro,-10.3353,-67.1856,23.41,95,100,0.17,BR,1675717898
576,kaoma,-14.7833,24.8,18.58,98,100,1.7,ZM,1675717898
577,tecoanapa,16.5167,-98.75,29.11,55,1,3.82,MX,1675717899
578,kaeo,-35.1,173.7833,21.85,85,22,1.65,NZ,1675717899
579,mitu,1.1983,-70.1733,28.54,69,61,0.64,CO,1675717900
580,svetlogorsk,52.6333,29.7333,-3.69,96,100,2.92,BY,1675717900
581,tucuman,-26.8241,-65.2226,34.74,28,1,1.63,AR,1675717659
582,bairiki,1.3292,172.9752,29.0,74,75,5.66,KI,1675717900
583,lokomotivnyy,53.0118,60.5684,-13.87,96,100,2.11,RU,1675717901
584,urumqi,43.801,87.6005,-8.47,93,100,1.0,CN,1675717901
585,canutama,-6.5339,-64.3831,26.78,92,98,1.28,BR,1675717715
586,morristown,36.214,-83.2949,14.65,35,0,1.54,US,1675717613
587,mitsamiouli,-11.3847,43.2844,27.36,80,99,4.81,KM,1675717902
588,hervey bay,-25.2986,152.8535,25.08,68,43,8.2,AU,1675717902
589,westport,41.1415,-73.3579,9.38,59,0,9.77,US,1675717902
590,ambilobe,-13.2,49.05,22.39,97,100,0.83,MG,1675717903
591,general roca,-39.0333,-67.5833,35.35,19,33,1.6,AR,1675717903
592,moerai,-22.4333,-151.3333,26.36,76,94,4.6,PF,1675717903
593,kostomuksha,64.571,30.5767,-9.6,91,100,3.23,RU,1675717904
594,novyy urgal,51.0736,132.5642,-28.06,100,98,0.8,RU,1675717904
595,havre-saint-pierre,50.2334,-63.5986,-13.73,81,36,1.79,CA,1675717904
